{
    "providers": [
        {
            "type": "bitmap",
            "file": "minecraft:sb/nick.png",
            "ascent": 8,
            "height": 8,
            "chars": ["海"]
        },
        {
            "type": "bitmap",
            "file": "minecraft:sb/rank.png",
            "ascent": 8,
            "height": 8,
            "chars": ["边"]
        },
        {
            "type": "bitmap",
            "file": "minecraft:sb/players.png",
            "ascent": 8,
            "height": 8,
            "chars": ["的"]
        },
        {
            "type": "bitmap",
            "file": "minecraft:sb/lobby.png",
            "ascent": 8,
            "height": 8,
            "chars": ["大"]
        },
        {
            "type": "bitmap",
            "file": "minecraft:sb/rune.png",
            "ascent": 8,
            "height": 8,
            "chars": ["森"]
        },
        {
            "type": "bitmap",
            "file": "minecraft:sb/title.png",
            "ascent": 66,
            "height": 106,
            "chars": ["𖠦"]
        },
        {
            "type": "bitmap",
            "file": "minecraft:sb/survival.png",
            "ascent": 66,
            "height": 106,
            "chars": ["活"]
        },
        {
            "type": "bitmap",
            "file": "minecraft:sb/voteparty.png",
            "ascent": 8,
            "height": 8,
            "chars": ["生"]
        },
        {
            "type": "bitmap",
            "file": "minecraft:sb/play.png",
            "ascent": 8,
            "height": 8,
            "chars": ["人"]
        },
        {
            "type": "bitmap",
            "file": "minecraft:sb/ben10.png",
            "ascent": 66,
            "height": 106,
            "chars": ["叫"]
        },
        {
            "type": "bitmap",
            "file": "minecraft:stuff/stacked-books.png",
            "ascent": 8,
            "height": 8,
            "chars": ["ᗩ"]
        },
        {
            "type": "bitmap",
            "file": "minecraft:stuff/envelope.png",
            "ascent": 8,
            "height": 8,
            "chars": ["ᗷ"]
        },
        {
            "type": "bitmap",
            "file": "minecraft:stuff/clover.png",
            "ascent": 8,
            "height": 8,
            "chars": ["ᑢ"]
        },
        {
            "type": "bitmap",
            "file": "minecraft:stuff/diamond.png",
            "ascent": 8,
            "height": 8,
            "chars": ["ᕲ"]
        },
        {
            "type": "bitmap",
            "file": "minecraft:stuff/moon.png",
            "ascent": 8,
            "height": 8,
            "chars": ["ᘿ"]
        },
        {
            "type": "bitmap",
            "file": "minecraft:stuff/crown.png",
            "ascent": 8,
            "height": 8,
            "chars": ["ᖴ"]
        },
        {
            "type": "bitmap",
            "file": "minecraft:stuff/mushroom.png",
            "ascent": 8,
            "height": 8,
            "chars": ["ᘜ"]
        },
        {
            "type": "bitmap",
            "file": "minecraft:ranks/owner.png",
            "ascent": 9,
            "height": 10,
            "chars": ["Γ"]
        },
        {
            "type": "bitmap",
            "file": "minecraft:ranks/coowner.png",
            "ascent": 9,
            "height": 10,
            "chars": ["Δ"]
        },
        {
            "type": "bitmap",
            "file": "minecraft:ranks/platform.png",
            "ascent": 9,
            "height": 10,
            "chars": ["Θ"]
        },
        {
            "type": "bitmap",
            "file": "minecraft:ranks/developer.png",
            "ascent": 9,
            "height": 10,
            "chars": ["Λ"]
        },
        {
            "type": "bitmap",
            "file": "minecraft:ranks/manager.png",
            "ascent": 9,
            "height": 10,
            "chars": ["Ξ"]
        },
        {
            "type": "bitmap",
            "file": "minecraft:ranks/systemadmin.png",
            "ascent": 9,
            "height": 10,
            "chars": ["Π"]
        },
        {
            "type": "bitmap",
            "file": "minecraft:ranks/headadmin.png",
            "ascent": 9,
            "height": 10,
            "chars": ["Σ"]
        },
        {
            "type": "bitmap",
            "file": "minecraft:ranks/senioradmin.png",
            "ascent": 9,
            "height": 10,
            "chars": ["Φ"]
        },
        {
            "type": "bitmap",
            "file": "minecraft:ranks/communitymanager.png",
            "ascent": 9,
            "height": 10,
            "chars": ["Ψ"]
        },
        {
            "type": "bitmap",
            "file": "minecraft:ranks/admin.png",
            "ascent": 9,
            "height": 10,
            "chars": ["Ω"]
        },
        {
            "type": "bitmap",
            "file": "minecraft:ranks/seniormod.png",
            "ascent": 9,
            "height": 10,
            "chars": ["Ⰰ"]
        },
        {
            "type": "bitmap",
            "file": "minecraft:ranks/modplus.png",
            "ascent": 9,
            "height": 10,
            "chars": ["Ⰱ"]
        },
        {
            "type": "bitmap",
            "file": "minecraft:ranks/moderator.png",
            "ascent": 9,
            "height": 10,
            "chars": ["Ⰲ"]
        },
        {
            "type": "bitmap",
            "file": "minecraft:ranks/trialmod.png",
            "ascent": 9,
            "height": 10,
            "chars": ["Ⰳ"]
        },
        {
            "type": "bitmap",
            "file": "minecraft:ranks/learner.png",
            "ascent": 9,
            "height": 10,
            "chars": ["Ⰴ"]
        },
        {
            "type": "bitmap",
            "file": "minecraft:ranks/builder.png",
            "ascent": 9,
            "height": 10,
            "chars": ["Ⰵ"]
        },
        {
            "type": "bitmap",
            "file": "minecraft:ranks/caster.png",
            "ascent": 9,
            "height": 10,
            "chars": ["Ⰶ"]
        },
        {
            "type": "bitmap",
            "file": "minecraft:ranks/partner.png",
            "ascent": 9,
            "height": 10,
            "chars": ["Ⰷ"]
        },
        {
            "type": "bitmap",
            "file": "minecraft:ranks/famous.png",
            "ascent": 9,
            "height": 10,
            "chars": ["Ⰸ"]
        },
        {
            "type": "bitmap",
            "file": "minecraft:ranks/tiktoker.png",
            "ascent": 9,
            "height": 10,
            "chars": ["Ⰹ"]
        },
        {
            "type": "bitmap",
            "file": "minecraft:ranks/youtuber.png",
            "ascent": 9,
            "height": 10,
            "chars": ["𝓐"]
        },
        {
            "type": "bitmap",
            "file": "minecraft:ranks/kick.png",
            "ascent": 9,
            "height": 10,
            "chars": ["𝓑"]
        },
        {
            "type": "bitmap",
            "file": "minecraft:ranks/media.png",
            "ascent": 9,
            "height": 10,
            "chars": ["𝓒"]
        },
        {
            "type": "bitmap",
            "file": "minecraft:ranks/caverniarank.png",
            "ascent": 9,
            "height": 10,
            "chars": ["𝓓"]
        },
        {
            "type": "bitmap",
            "file": "minecraft:ranks/reforger.png",
            "ascent": 9,
            "height": 10,
            "chars": ["𝓔"]
        },
        {
            "type": "bitmap",
            "file": "minecraft:ranks/strider.png",
            "ascent": 9,
            "height": 10,
            "chars": ["𝓕"]
        },
        {
            "type": "bitmap",
            "file": "minecraft:ranks/mirage.png",
            "ascent": 9,
            "height": 10,
            "chars": ["𝓖"]
        },
        {
            "type": "bitmap",
            "file": "minecraft:ranks/wander.png",
            "ascent": 9,
            "height": 10,
            "chars": ["〆"]
        },
        {
            "type": "bitmap",
            "file": "minecraft:ranks/faint.png",
            "ascent": 9,
            "height": 10,
            "chars": ["𝓗"]
        },
        {
            "type": "bitmap",
            "file": "minecraft:ranks/caverniarank.png",
            "ascent": 9,
            "height": 10,
            "chars": ["𝓘"]
        },
        {
            "type": "bitmap",
            "file": "minecraft:ranks/caverniarank.png",
            "ascent": 9,
            "height": 10,
            "chars": ["𝓙"]
        },
        {
            "type": "bitmap",
            "file": "minecraft:ranks/caverniarank.png",
            "ascent": 9,
            "height": 10,
            "chars": ["𝓚"]
        }
    ]
}